"","survey_year","hhincome_broad","telecommute_freq_cond","count","prop","prop_se","est","est_se","moe"
"1","2023","Under $25,000","1+ days per week",55,0.951495637901908,0.0252645758522213,27110.431629466,8697.59269832689,0.0415602272769041
"2","2023","$25,000-$49,999","1+ days per week",117,0.867726181226682,0.0461900882555496,53912.6280102444,12612.9260731834,0.0759826951803792
"3","2023","$50,000-$74,999","1+ days per week",193,0.868483273010006,0.0416977593267434,67523.943005548,13025.4645024999,0.0685928140924928
"4","2023","$75,000-$99,999","1+ days per week",166,0.673832484120791,0.0789829472542402,65391.3323455449,13055.4965531402,0.129926948233225
"5","2023","$100,000-$199,000","1+ days per week",681,0.686635842759605,0.0383044698931382,278397.643533444,26971.9555518732,0.0630108529742123
"6","2023","$200,000 or more","1+ days per week",557,0.680356327037911,0.0428212971132631,217421.382952979,23181.2064873442,0.0704410337513178
