"","telecommute_status","dest_purpose_simpler","count.x","prop.x","prop_se.x","est.x","est_se.x","count.y","prop.y","prop_se.y","est.y","est_se.y","trips_per_worker","trips_per_worker_per_week"
"1","Fully At Home","Errands, Shopping, School",898,0.331925911251351,0.0248615430306133,310307.731161805,28899.87828525,798,0.12089119304986,0.0108008402506918,271664.602273938,25094.667225482,1.1422457271371,5.71122863568548
"2","Fully At Home","Social, Recreation, Eat Meal",760,0.201443194939413,0.0195201019129196,188323.293424054,19921.5353131851,798,0.12089119304986,0.0108008402506918,271664.602273938,25094.667225482,0.69321984479286,3.4660992239643
"3","Fully At Home","Work",97,0.069928869638865,0.0125993124703639,65374.4349109096,12156.2141195422,798,0.12089119304986,0.0108008402506918,271664.602273938,25094.667225482,0.240643920347738,1.20321960173869
"4","Fully In Person","Errands, Shopping, School",1851,0.250356079936273,0.011698708833899,1552942.9576037,86050.6103914687,1660,0.628656932593385,0.0169642493317035,1412707.00744345,63624.9776472002,1.09926754055962,5.49633770279811
"5","Fully In Person","Social, Recreation, Eat Meal",1586,0.145539742121349,0.00881633935212464,902773.831721357,58807.0980445281,1660,0.628656932593385,0.0169642493317035,1412707.00744345,63624.9776472002,0.639038262686253,3.19519131343126
"6","Fully In Person","Work",2926,0.28227177663469,0.0110124809566716,1750914.00922521,78481.3301942913,1660,0.628656932593385,0.0169642493317035,1412707.00744345,63624.9776472002,1.23940349980553,6.19701749902766
"7","Hybrid","Errands, Shopping, School",1357,0.241976777005511,0.0163969773737421,525748.840828837,42100.7011988848,1414,0.250451874356755,0.0149838355519028,562811.128911834,36799.7249571103,0.934147911832065,4.67073955916032
"8","Hybrid","Social, Recreation, Eat Meal",1505,0.210267447553223,0.0143001866074482,456853.207911878,34681.1057639556,1414,0.250451874356755,0.0149838355519028,562811.128911834,36799.7249571103,0.81173449571827,4.05867247859135
"9","Hybrid","Work",1301,0.212572676933669,0.0145239836888471,461861.835969547,35428.7296767923,1414,0.250451874356755,0.0149838355519028,562811.128911834,36799.7249571103,0.820633801009821,4.10316900504911
