"","survey_year","gender","telecommute_freq_cond","count","prop","prop_se","est","est_se"
"1","2023","Man/Boy","1+ days per week",1018,0.367462386520429,0.0245226911441425,398691.460334959,31590.0212072551
"2","2023","Woman/Girl","1+ days per week",992,0.377183088832118,0.0260110092592643,366024.686889861,30018.9867917571
