"","survey_year","telecommute_freq_cond","count","prop","prop_se","est","est_se"
"1","2017","1+ days per week",920,0.210844622640549,0.0189682756275302,419937.435102453,41587.4599156109
"2","2019","1+ days per week",966,0.233401857479523,0.020342573853159,472506.30933021,46338.8155441366
"3","2021","1+ days per week",1193,0.520523828551713,0.0160762397419387,1159922.8102,49825.1054598707
"4","2023","1+ days per week",2319,0.37135498780907,0.0169611049775569,834582.731185773,45092.2111660691
