"","survey_year","race_category","telecommute_freq_cond","count","prop","prop_se","est","est_se","moe"
"1","2023","Asian non-Hispanic","1+ days per week",491,0.419257110198662,0.0396993127733084,169633.888919952,19513.5969943838,0.0653053695120922
"2","2023","Black or African American non-Hispanic","1+ days per week",40,0.178905900265043,0.0636190669089953,15399.8334919653,5642.8049417303,0.104653365065297
"3","2023","Hispanic","1+ days per week",125,0.355428422338006,0.0579885982852029,66457.1484762336,12999.8604531746,0.0953912441791588
"4","2023","Some Other Race non-Hispanic","1+ days per week",42,0.564686585953533,0.0990618546122135,42809.6114644457,11557.7541985513,0.162956750837091
"5","2023","Two or More Races non-Hispanic","1+ days per week",8,0.227819762986208,0.162520885624915,3714.45419628673,2941.02793713495,0.267346856852986
"6","2023","White non-Hispanic","1+ days per week",1275,0.378343938283401,0.0236580763318521,436694.843198922,32809.5395376441,0.0389175355658967
