"","survey_year","has_vehicle","telecommute_freq_cond","count","prop","prop_se","est","est_se","moe"
"1","2023","0","1+ days per week",239,0.476505247249208,0.0633223571615808,41307.4623293057,7644.34504414063,0.1041652775308
"2","2023","1+","1+ days per week",1973,0.367123506414842,0.0174298948928966,793168.268856467,44485.426800813,0.0286721770988148
