"","survey_year","vehicle_count_simple","telecommute_freq_cond","count","prop","prop_se","est","est_se","moe"
"1","2023","0","1+ days per week",239,0.476505247249208,0.0633223571615808,41307.4623293057,7644.34504414063,0.1041652775308
"2","2023","1","1+ days per week",966,0.417661875855751,0.0327951875117057,183931.77744597,16659.3286331046,0.0539480834567559
"3","2023","2","1+ days per week",761,0.371903391737409,0.0265285098875697,345142.979444421,29381.2827531668,0.0436393987650521
"4","2023","3","1+ days per week",173,0.370124323245358,0.0403800808323622,179675.908385924,24000.3755096424,0.0664252329692358
"5","2023","4+","1+ days per week",73,0.275318671150316,0.048110621560895,84417.6035801522,17168.0060583472,0.0791419724676723
