"","survey_year","has_vehicle","telecommute_freq_cond","count","prop","prop_se","est","est_se","moe"
"1","2023","0","1+ days per week",259,0.47652157768084,0.0632938170944909,41327.4623293057,7644.46603984017,0.104118329120438
"2","2023","1+","1+ days per week",2060,0.367133697293319,0.0174285033965233,793255.268856467,44493.6596818547,0.0286698880872808
