"","survey_year","telecommute_freq_cond","count","prop","prop_se","est","est_se"
"1","2017","1+ days per week",920,0.210844622640549,0.0189682868578949,419937.435102453,41584.9738902113
"2","2019","1+ days per week",966,0.233401857479523,0.0203425858971913,472506.30933021,46335.9903226044
"3","2021","1+ days per week",1193,0.520523828551713,0.0160762492600435,1159922.8102,49809.1450676456
"4","2023","1+ days per week",2212,0.371343067406615,0.0169626915541747,834475.731185773,45083.2381727703
