"","survey_year","age_grp_2","telecommute_freq_cond","count","prop","prop_se","est","est_se","moe"
"1","2023","18-24","1+ days per week",88,0.0942618144186184,0.0283389410863766,15447.828109953,4591.75625787175,0.0466175580870895
"2","2023","25-44 years","1+ days per week",1395,0.438636267518073,0.0249033246650447,475742.665408618,33938.5183718058,0.0409659690739985
"3","2023","45-64 years","1+ days per week",700,0.351832743116018,0.0290507213277383,265579.279774534,25730.4055532154,0.0477884365841295
"4","2023","65+","1+ days per week",135,0.35998887968662,0.0581618558361777,76484.9141743501,15016.4019919526,0.0956762528505123
