"","gender_grp","share_2","count","prop","prop_se","est","est_se","Bikes","moe"
"1","Female","Selected",287,0.062972378519944,0.00961971806556385,94620.6262704929,14750.6819222198,"Bikes (outside for 15-minutes or more)",0.0158244362178525
"2","Male","Selected",462,0.120527999570358,0.0135917322472133,176513.696086428,20847.99878226,"Bikes (outside for 15-minutes or more)",0.0223583995466659
"3","Non-binary, another, prefer not to answer","Selected",68,0.0688990342109749,0.017239721281669,18789.7757971821,4676.84382618667,"Bikes (outside for 15-minutes or more)",0.0283593415083455
