"","survey_year","gender","mode_char1","count","prop","prop_se","est","est_se","moe"
"1","2017","Female","Bike/Micromobility",287,0.00686708516680923,0.00167739002723802,59911.6630158313,14644.9062983496,0.00275930659480655
"2","2017","Male","Bike/Micromobility",552,0.0122377965464307,0.00283492716721162,89607.0967026606,20864.1192786687,0.00466345519006311
"3","2019","Female","Bike/Micromobility",425,0.00680693537668419,0.00101864750589734,55407.7076864783,8247.60891244676,0.00167567514720112
"4","2019","Male","Bike/Micromobility",771,0.0174324068576922,0.00353428805710341,140259.435834547,28716.5599940639,0.00581390385393511
"5","2021","Female","Bike/Micromobility",70,0.0125344690457709,0.00209778712860643,95807.9056721592,16134.2931058764,0.00345085982655758
"6","2021","Male","Bike/Micromobility",131,0.0172019364570272,0.00226531545508565,126582.601550363,16769.5437632314,0.00372644392361589
