"","survey_year","deliver_elsewhere","count","prop","prop_moe","est","est_moe","Year"
"1","2023","Yes",112,0.0223435407843332,0.00777452281546327,37783.916389295,13252.5964118333,"2023"
