"","survey_year","deliver_grocery","count","prop","prop_moe","est","est_moe","Year"
"1","2017","Yes",96,0.016419025295635,0.00959122269868485,25431.034223802,14940.8653174688,"2017"
"2","2019","Yes",145,0.0196263493745095,0.00890019217807334,31462.1174965544,14337.0567020838,"2019"
"3","2021","Yes",76,0.0465922576461679,0.0128442429484932,81503.2125,23047.8593064031,"2021"
"4","2023","Yes",142,0.0282081235411435,0.00984110672469275,47701.1853969357,16880.7434381303,"2023"
