"","wrkr_grp","deliver_package","count","prop","prop_moe","est","est_moe"
"1",NA,"Yes",5268,0.312418263059709,0.0160875050254777,2059543.00349903,124923.852365348
