"","survey_year","deliver_food","count","prop","prop_moe","est","est_moe","Year"
"1","2017","Yes",122,0.0143413127930661,0.00813697135568643,22212.915193673,12639.9072636371,"2017"
"2","2019","Yes",155,0.0127470435663698,0.0059106141576802,20434.2119242869,9460.06553304683,"2019"
"3","2021","Yes",77,0.0370939697779765,0.0107919622783914,64887.9847,19212.108784076,"2021"
"4","2023","Yes",243,0.0379935401048558,0.0102598688339533,64248.7579077786,17605.4846247505,"2023"
