"","survey_year","deliver_office","count","prop","prop_moe","est","est_moe","Year"
"1","2023","Yes",36,0.0120286750579622,0.00822300233834607,20341.0219110268,14022.2539416796,"2023"
