"","child_grp","deliver_package","count","prop","prop_moe","est","est_moe"
"1","0 children","Yes",4185,0.286331431482449,0.0181133177377427,1333172.80003259,99015.9069671175
"2","1 child","Yes",546,0.3655482659827,0.0515352405687175,268557.558105566,45903.9195879413
"3","2 children","Yes",426,0.39453278984393,0.0506495706687144,308259.146479496,48132.0957295796
"4","3+ children","Yes",111,0.355896275024019,0.0807457323692489,149553.498881379,41492.1822774855
