"","survey_year","total_vmt","total_trips","people","vmt_per_person","trips_per_person"
"1","2019",74002640.4421739,13356014.2429192,3957735.20611397,18.6982293125254,3.37466089754731
"2","2023",66017639.8651252,13356301.7967046,4148631.50775023,15.9131124906599,3.21944761103829
