"","survey_year","total_vmt","total_trips","people","vmt_per_person","trips_per_person"
"1","2017",71297433.3186477,13471573.4219867,3936552.88496601,18.111641174932,3.42217514044729
"2","2019",74482308.8018968,13486743.4666496,3957735.20611397,18.8194270012899,3.40769221897793
"3","2021",69945425.9314651,12185081.2606196,4214793.3269,16.5952208107225,2.89102698888009
"4","2023",66277193.0282646,13412904.9421691,4148631.50775023,15.9756760523198,3.23309142234298
