"","survey","hhincome_dichot","delivery_pkgs_all","count","count_moe","share","share_moe","sample_size","period"
"1","2017","$75,000+","Delivery Received",194563.34490423,46562.5055436441,0.268387433230702,0.0555800895585596,638,"2017"
"2","2017","Under $75,000","Delivery Received",102590.526326185,33351.663851437,0.151943239174477,0.0456495799480978,333,"2017"
"3","2019","$75,000+","Delivery Received",284122.921492177,55168.0279543634,0.367013727316555,0.0544660317224223,875,"2019"
"4","2019","Under $75,000","Delivery Received",105229.780750561,29811.2126458611,0.165146205563019,0.0436140617084716,397,"2019"
"5","2021","$75,000+","Delivery Received",395751.1348,46283.0075249503,0.4479543442058,0.0409683093391206,392,"2021"
"6","2021","Under $75,000","Delivery Received",193731.0012,33305.4781753112,0.319302750852797,0.0457122564376213,206,"2021"
