"","survey","hhincome_dichot","delivery_food_all","count","count_moe","share","share_moe","sample_size","period"
"1","2017","$75,000+","Delivery Received",5124.00302110382,2281.40514184906,0.007068227673498,0.00325518435500707,57,"2017"
"2","2017","Under $75,000","Delivery Received",16401.1298202096,12416.2829516278,0.0242911395451882,0.0182119713099657,48,"2017"
"3","2019","$75,000+","Delivery Received",7777.86884706297,4269.20388341303,0.0100470057668311,0.00557199174431417,77,"2019"
"4","2019","Under $75,000","Delivery Received",11297.9555684598,8415.77799525007,0.0177308598330497,0.0131654634199738,51,"2019"
"5","2021","$75,000+","Delivery Received",44264.074,16504.6527661339,0.0501029118983262,0.0182861166016651,44,"2021"
"6","2021","Under $75,000","Delivery Received",17869.0448,9422.89275246496,0.0294513274793688,0.0153701193708969,28,"2021"
