"","employment","survey17_19","mode_simple17_19","count17_19","count_moe17_19","share17_19","share_moe17_19","sample_size17_19","survey21","mode_simple21","count21","count_moe21","share21","share_moe21","sample_size21"
"1","Employed full time (35+ hours/week, paid)","2017_2019","Transit",422541.939281698,44398.5064205075,0.0595412218925351,0.00619184907928638,5682,"2021","Transit",200019.883385071,34623.4954528642,0.0306950246001913,0.00527382540179015,204
"2","Employed part time (fewer than 35 hours/week, paid)","2017_2019","Transit",66091.1080368557,14844.4753533321,0.0538525479819138,0.0120099928025871,743,"2021","Transit",90888.4758495455,28297.5136049923,0.0640215003856921,0.0192723611245265,68
"3","Homemaker","2017_2019","Transit",16042.673944241,8109.42578093436,0.0117183254807587,0.00593256163028561,96,"2021","Transit",3430.87751939984,2658.08851389701,0.00400481661560084,0.00311422146511136,5
"4","Not currently employed","2017_2019","Transit",78867.8666626612,19850.8571057166,0.0879189798992764,0.0218252324258519,501,"2021","Transit",41486.3963538633,12143.2952353849,0.0334761103740939,0.00985401446576812,65
"5","Retired","2017_2019","Transit",114198.217263125,28413.9321465285,0.0493111694925699,0.0119991227951544,578,"2021","Transit",68121.6225133561,21864.2438235889,0.02697352705803,0.00854709638167021,65
"6","Self-employed","2017_2019","Transit",16879.4858828678,4831.62117719673,0.0199510033421523,0.00590777758040691,264,"2021","Transit",19985.3088031385,11255.4709791832,0.0188644195718366,0.0105518554143449,18
"7","Unpaid volunteer or intern","2017_2019","Transit",5942.40501669942,1939.33837136475,0.0853107419047952,0.032444775499168,91,"2021","Transit",15127.0453899878,11127.8083594812,0.168887989166793,0.111153615360098,6
