"","survey_year","res_dur_5","count","prop","prop_se","est","est_se","variable","value","group_1_title","group_1_value","group_2_title","group_2_value","group_3_title","group_3_value","val_order","prop_moe"
"1","2017","Less than 5 years",1974,0.47949769165867,0.0268722764712219,742682.466665515,56572.6536250771,"res_dur_5",1,NA,NA,NA,NA,NA,NA,6074,0.04420489479516
"2","2019","Less than 5 years",1740,0.453142169523776,0.0267949823046551,726411.820565936,56522.9087094694,"res_dur_5",1,NA,NA,NA,NA,NA,NA,6074,0.0440777458911577
"3","2021","Less than 5 years",964,0.481126736331852,0.017563513376028,841628.5583,41956.1001491837,"res_dur_5",1,NA,NA,NA,NA,NA,NA,6074,0.028891979503566
"4","2023","Less than 5 years",1635,0.464260469820615,0.0205088418957378,727193.92503544,43363.8886106412,"res_dur_5",1,NA,NA,NA,NA,NA,NA,6074,0.0337370449184886
"5","2017","More than 5 years",1301,0.52050230834133,0.0268722764712219,806193.533334487,60426.4695998072,"res_dur_5",2,NA,NA,NA,NA,NA,NA,6075,0.04420489479516
"6","2019","More than 5 years",1304,0.546857830476224,0.0267949823046551,876643.179434063,64805.7675008647,"res_dur_5",2,NA,NA,NA,NA,NA,NA,6075,0.0440777458911577
"7","2021","More than 5 years",965,0.518873263668148,0.017563513376028,907658.0532,43454.4361091122,"res_dur_5",2,NA,NA,NA,NA,NA,NA,6075,0.028891979503566
"8","2023","More than 5 years",1709,0.535739530179385,0.0205088418957378,839155.080117679,46500.1001875461,"res_dur_5",2,NA,NA,NA,NA,NA,NA,6075,0.0337370449184886
