"","survey","delivery_food_all","count","count_moe","share","share_moe","sample_size"
"1","2017","Delivery Received",22425.3642768167,12635.5335417953,0.0131191620209209,0.00737397759833128,132
"2","2019","Delivery Received",22698.0689291098,9864.92092243599,0.011454772033395,0.00498231999722691,171
"3","2021","Delivery Received",157858.755330722,27748.8499207628,0.0785995522639147,0.0134189856135233,186
