"","survey","delivery_grocery_all","count","count_moe","share","share_moe","sample_size"
"1","2017","Delivery Received",21322.5819117714,14407.6673229008,0.0142329451847222,0.00956491455691998,79
"2","2019","Delivery Received",25282.7438301959,13632.4037806787,0.016388700504376,0.0087931906504602,111
"3","2021","Delivery Received",137809.00530907,24934.4217031946,0.0713823631751537,0.0126249002031517,177
