"","survey","delivery_work_all","count","count_moe","share","share_moe","sample_size"
"1","2017","Delivery Received",96941.3601500552,37011.8566592194,0.0567120959391415,0.0209128859034431,216
"2","2019","Delivery Received",84754.0316490844,28032.969003566,0.0427718373084299,0.0138360851688432,304
"3","2021","Delivery Received",172632.223009467,29359.3408591599,0.0859554188580862,0.0141349128824656,204
