"","survey","delivery_grocery_all","count","count_moe","share","share_moe","sample_size"
"1","2017","Delivery Received",25464.7702330648,14934.9027127572,0.0148972584074574,0.00869303139594803,101
"2","2019","Delivery Received",33319.2433730112,14429.610507661,0.016814837348281,0.00724919450025016,161
"3","2021","Delivery Received",141292.602518646,25363.9160668412,0.0703510886862258,0.0123489808758512,181
