"","survey","delivery_grocery_all","count","count_moe","share","share_moe","sample_size"
"1","2017","Delivery Received",21322.5819117714,14407.6673229008,0.0142329451847222,0.00956491455691998,79
"2","2019","Delivery Received",25282.7438301959,13632.4037806787,0.016388700504376,0.00879319065046019,111
"3","2021","Delivery Received",77465.6884,22153.6012045939,0.0464650742470601,0.0130613641513,72
